Historia de la navidad,PALABRA EDICIONES,Equipo Editorial,"17,96 €",https://static.bookscovers.es/imagenes/9788413/978841368232.GIF
Jujutsu kaisen 19,NORMA,Gege Akutami            /            Koyoharu Gotouge,"7,60 €",https://static.bookscovers.es/imagenes/9788467/978846795943.GIF
Tokyo revengers 11,NORMA,"Wakui,Ken","15,20 €",https://static.bookscovers.es/imagenes/9788467/978846794717.GIF
Dan da dan 04,NORMA,Yukinobu Tatsu,"7,60 €",https://static.bookscovers.es/imagenes/9788467/978846795941.GIF
La quimica del amor,CONTRALUZ,"Hazelwood, Ali","18,00 €",https://static.bookscovers.es/imagenes/9788418/978841894540.GIF
La princesa y la mariposa,HARPER COLLINS INGLES,"Gorro, Tamara","13,21 €",https://static.bookscovers.es/imagenes/9788418/978841877475.GIF
Antes del Olvido,PLANETA,Jorge Javier Vázquez,"19,86 €",https://static.bookscovers.es/imagenes/9788408/978840826440.GIF
La guerra de las dos reinas,PUCK,"Armentrout, Jennifer","20,43 €",https://static.bookscovers.es/imagenes/9788417/978841785483.GIF
La teoria de los archipielagos,PLANETA,Alice Kellen,"16,06 €",https://static.bookscovers.es/imagenes/9788408/978840826438.GIF
Contando atardeceres,LIBROS CUPULA,La Vecina Rubia,"17,96 €",https://static.bookscovers.es/imagenes/9788448/978844803112.GIF
Las perrerias de mike 2. mikecrack y el diamantito perdido,MARTINEZ ROCA,Mikecrack,"18,91 €",https://static.bookscovers.es/imagenes/9788427/978842705030.GIF
Esperando al diluvio,DESTINO,Dolores Redondo,"21,76 €",https://static.bookscovers.es/imagenes/9788423/978842336247.GIF
Planeta manga 15,PLANETA COMIC,Varios Autores,"5,65 €",https://static.bookscovers.es/imagenes/9788411/978841112006.GIF
One piece nº 102,PLANETA COMIC,Eiichiro Oda,"7,55 €",https://static.bookscovers.es/imagenes/9788411/978841112388.GIF
Kaiju 8 03,PLANETA COMIC,Naoya Matsumoto,"7,55 €",https://static.bookscovers.es/imagenes/9788411/978841112856.GIF
My hero academia nº 32,PLANETA COMIC,Kohei Horikoshi,"7,55 €",https://static.bookscovers.es/imagenes/9788491/978849174723.GIF
Haikyu 14,PLANETA COMIC,Haruichi Furudate,"7,55 €",https://static.bookscovers.es/imagenes/9788491/978849174777.GIF
Haikyu 15,PLANETA COMIC,Haruichi Furudate,"7,55 €",https://static.bookscovers.es/imagenes/9788491/978849174778.GIF
Blue lock 8,PLANETA COMIC,"Muneyuki Kaneshiro, Yusuke Nomura","7,55 €",https://static.bookscovers.es/imagenes/9788411/978841112389.GIF
Mis melodias clasicas de navidad,TIMUN MAS INFANTIL,Severine Cordier,"9,45 €",https://static.bookscovers.es/imagenes/9788408/978840825704.GIF
Cocina facil y rico,PLANETA,Karlos Arguiñano,"23,70 €",https://static.bookscovers.es/imagenes/9788408/978840826437.GIF
Por si las voces vuelven. edicion especial,PLANETA,Angel Martin,"18,91 €",https://static.bookscovers.es/imagenes/9788408/978840826568.GIF
Historias de mujeres casadas,PLANETA,Cristina Campos,"21,38 €",https://static.bookscovers.es/imagenes/9788408/978840826561.GIF
Anti-marx,EDICIONES DEUSTO,Juan Ramon Rallo,"28,45 €",https://static.bookscovers.es/imagenes/9788423/978842343445.GIF
Y ahora supera mi beso,ESENCIA,Megan Maxwell,"16,06 €",https://static.bookscovers.es/imagenes/9788408/978840826429.GIF
Los compas y la aventura en miniatura,MARTINEZ ROCA,"Mikecrack, El Trollino Y Timba Vk","18,91 €",https://static.bookscovers.es/imagenes/9788427/978842705013.GIF
Anna kadabra. aventuras legendarias 1. el valle de,DESTINO INFANTIL Y JUVENIL,Pedro Mañas,"17,05 €",https://static.bookscovers.es/imagenes/9788408/978840826015.GIF
Cuaderno de creatividad de el mundo de indy,DESTINO INFANTIL Y JUVENIL,El Mundo De Indy,"17,05 €",https://static.bookscovers.es/imagenes/9788408/978840826153.GIF
La encrucijada mundial,ARIEL,Pedro Baños Bajo,"20,81 €",https://static.bookscovers.es/imagenes/9788434/978843443583.GIF
Diario de greg 17 - dando la nota,MOLINO,"Kinney, Jeff","14,25 €",https://static.bookscovers.es/imagenes/9788427/978842722616.GIF
Mortadelo y filemon. mundial 2022,BRUGUERA,"Ibañez, Francisco","14,16 €",https://static.bookscovers.es/imagenes/9788402/978840242694.GIF
Especial mundial 2022,BRUGUERA,"Ibañez, Francisco","14,16 €",https://static.bookscovers.es/imagenes/9788402/978840242792.GIF
"Dispara, yo ya estoy muerto (edicion black friday)",DEBOLSILLO,"Navarro, Julia","6,60 €",https://static.bookscovers.es/imagenes/9788466/978846636778.GIF
Los abrazos lentos,SUMA EDITORIAL,"Benavent, Elisabet","19,86 €",https://static.bookscovers.es/imagenes/9788491/978849129719.GIF
Arta y la invasion maxima,MONTENA,"Game, Arta","18,95 €",https://static.bookscovers.es/imagenes/9788419/978841916933.GIF
Insaciable,MONTENA,"Stones, Rebeca","17,05 €",https://static.bookscovers.es/imagenes/9788419/978841924123.GIF
Asi es la puta vida,PLAN B,"Wild, Jordi","17,96 €",https://static.bookscovers.es/imagenes/9788417/978841780990.GIF
Amanda black 6 la maldicion del nilo,B DE BLOK,"Gomez-jurado, Juan            /            Montes, Barbara","14,21 €",https://static.bookscovers.es/imagenes/9788418/978841868835.GIF
Evangelio 2023 (bolsillo),EDIBESA EDITORIAL,"Martinez Puche            /            Alvarez,Luis            /            Julian Cos","2,09 €",https://static.bookscovers.es/imagenes/9788417/978841720476.GIF
Retratarte,ESPASA,Carlos Del Amor,"18,91 €",https://static.bookscovers.es/imagenes/9788467/978846706670.GIF
Cuando no queden mas estrellas que contar,BOOKET,Maria Martinez,"9,45 €",https://static.bookscovers.es/imagenes/9788408/978840826354.GIF
La reconquista contada para escepticos,PLANETA,Juan Eslava Galan,"19,86 €",https://static.bookscovers.es/imagenes/9788408/978840826342.GIF
A traves de la lluvia trilogia hermanos hidalgo 3,MONTENA,"Godoy,Ariana","18,00 €",https://static.bookscovers.es/imagenes/9788418/978841848319.GIF
Guinness world records 2023,PLANETA JUNIOR,Guinness World Records,"24,65 €",https://static.bookscovers.es/imagenes/9788408/978840826026.GIF
Marcus pocus 2. titulo provisional,DESTINO INFANTIL Y JUVENIL,Pedro Mañas,"9,45 €",https://static.bookscovers.es/imagenes/9788408/978840826014.GIF
Todo va a mejorar,TUSQUETS,Almudena Grandes,"20,81 €",https://static.bookscovers.es/imagenes/9788411/978841107173.GIF
Fuego y sangre (cancion de hielo y fuego),DEBOLSILLO,"R.R. Martin, George            /            Wheatley, Doug","14,21 €",https://static.bookscovers.es/imagenes/9788466/978846636784.GIF
La patita que vino a cenar,BEASCOA,"Smallman, Steve            /            Dreidemy, Joelle","14,21 €",https://static.bookscovers.es/imagenes/9788448/978844886262.GIF
Se tiene que morir mucha gente,PLAZA & JANES,"Martin De La Cova, Victoria","19,86 €",https://static.bookscovers.es/imagenes/9788401/978840102721.GIF
Un reto magico,MONTENA,"Punset, Ana","9,45 €",https://static.bookscovers.es/imagenes/9788418/978841894968.GIF
