Anti-marx,"28,45 "
Guinness world records 2023,"24,65 "
Cocina facil y rico,"23,70 "
Esperando al diluvio,"21,76 "
Historias de mujeres casadas,"21,38 "
La guerra de las dos reinas,"20,43 "
La encrucijada mundial,"20,81 "
Todo va a mejorar,"20,81 "
Antes del Olvido,"19,86 "
Los abrazos lentos,"19,86 "
La reconquista contada para escepticos,"19,86 "
Se tiene que morir mucha gente,"19,86 "
La quimica del amor,"18,00 "
Las perrerias de mike 2. mikecrack y el diamantito perdido,"18,91 "
Por si las voces vuelven. edicion especial,"18,91 "
Los compas y la aventura en miniatura,"18,91 "
Arta y la invasion maxima,"18,95 "
Retratarte,"18,91 "
A traves de la lluvia trilogia hermanos hidalgo 3,"18,00 "
Historia de la navidad,"17,96 "
Contando atardeceres,"17,96 "
Anna kadabra. aventuras legendarias 1. el valle de,"17,05 "
Cuaderno de creatividad de el mundo de indy,"17,05 "
Insaciable,"17,05 "
Asi es la puta vida,"17,96 "
La teoria de los archipielagos,"16,06 "
Y ahora supera mi beso,"16,06 "
Tokyo revengers 11,"15,20 "
Diario de greg 17 - dando la nota,"14,25 "
Mortadelo y filemon. mundial 2022,"14,16 "
Especial mundial 2022,"14,16 "
Amanda black 6 la maldicion del nilo,"14,21 "
Fuego y sangre (cancion de hielo y fuego),"14,21 "
La patita que vino a cenar,"14,21 "
La princesa y la mariposa,"13,21 "
Mis melodias clasicas de navidad,"9,45 "
Cuando no queden mas estrellas que contar,"9,45 "
Marcus pocus 2. titulo provisional,"9,45 "
Un reto magico,"9,45 "
Jujutsu kaisen 19,"7,60 "
Dan da dan 04,"7,60 "
One piece nº 102,"7,55 "
Kaiju 8 03,"7,55 "
My hero academia nº 32,"7,55 "
Haikyu 14,"7,55 "
Haikyu 15,"7,55 "
Blue lock 8,"7,55 "
"Dispara, yo ya estoy muerto (edicion black friday)","6,60 "
Planeta manga 15,"5,65 "
Evangelio 2023 (bolsillo),"2,09 "
